{
	"credit": "Made with Blockbench",
	"textures": {
		"0": "block/iron_block",
		"1": "block/blue_concrete",
		"2": "block/gold_block",
		"3": "block/red_concrete",
		"particle": "block/iron_block"
	},
	"elements": [
		{
			"from": [5, 17, 6],
			"to": [10, 18, 9],
			"rotation": {"angle": 0, "axis": "y", "origin": [15, 25, 15]},
			"faces": {
				"north": {"uv": [0, 0, 5, 1], "texture": "#0"},
				"east": {"uv": [0, 0, 3, 1], "texture": "#0"},
				"south": {"uv": [3, 3, 8, 4], "texture": "#0"},
				"west": {"uv": [0, 0, 3, 1], "texture": "#0"},
				"up": {"uv": [0, 0, 5, 3], "texture": "#0"},
				"down": {"uv": [0, 0, 5, 3], "texture": "#missing"}
			}
		},
		{
			"from": [7, 6, -3],
			"to": [8, 12, 6],
			"rotation": {"angle": 0, "axis": "y", "origin": [15, 17, 12]},
			"faces": {
				"north": {"uv": [0, 0, 1, 6], "texture": "#0"},
				"east": {"uv": [0, 0, 9, 6], "texture": "#0"},
				"south": {"uv": [3, 3, 4, 9], "texture": "#0"},
				"west": {"uv": [0, 0, 9, 6], "texture": "#0"},
				"up": {"uv": [0, 0, 1, 9], "texture": "#0"},
				"down": {"uv": [0, 0, 1, 9], "texture": "#0"}
			}
		},
		{
			"from": [6, 15, 9],
			"to": [9, 17.5, 10.5],
			"rotation": {"angle": 0, "axis": "y", "origin": [15, 25, 18]},
			"faces": {
				"north": {"uv": [0, 0, 5, 1], "texture": "#0"},
				"east": {"uv": [0, 0, 3, 1], "texture": "#0"},
				"south": {"uv": [3, 3, 8, 4], "texture": "#0"},
				"west": {"uv": [0, 0, 3, 1], "texture": "#0"},
				"up": {"uv": [0, 0, 5, 3], "texture": "#0"},
				"down": {"uv": [0, 0, 5, 3], "texture": "#0"}
			}
		},
		{
			"from": [6, 1, 9],
			"to": [9, 4, 10.5],
			"rotation": {"angle": 0, "axis": "y", "origin": [15, 11, 18]},
			"faces": {
				"north": {"uv": [0, 0, 5, 1], "texture": "#0"},
				"east": {"uv": [0, 0, 3, 1], "texture": "#0"},
				"south": {"uv": [3, 3, 8, 4], "texture": "#0"},
				"west": {"uv": [0, 0, 3, 1], "texture": "#0"},
				"up": {"uv": [0, 0, 5, 3], "texture": "#0"},
				"down": {"uv": [0, 0, 5, 3], "texture": "#0"}
			}
		},
		{
			"from": [1.5, 13.5, 9],
			"to": [3.5, 15.5, 10.5],
			"rotation": {"angle": 0, "axis": "y", "origin": [10.5, 22.5, 18]},
			"faces": {
				"north": {"uv": [0, 0, 5, 1], "texture": "#0"},
				"east": {"uv": [0, 0, 3, 1], "texture": "#0"},
				"south": {"uv": [3, 3, 8, 4], "texture": "#0"},
				"west": {"uv": [0, 0, 3, 1], "texture": "#0"},
				"up": {"uv": [0, 0, 5, 3], "texture": "#0"},
				"down": {"uv": [0, 0, 5, 3], "texture": "#0"}
			}
		},
		{
			"from": [11.5, 13.5, 9],
			"to": [13.5, 15.5, 10.5],
			"rotation": {"angle": 0, "axis": "y", "origin": [20.5, 22.5, 18]},
			"faces": {
				"north": {"uv": [0, 0, 5, 1], "texture": "#0"},
				"east": {"uv": [0, 0, 3, 1], "texture": "#0"},
				"south": {"uv": [3, 3, 8, 4], "texture": "#0"},
				"west": {"uv": [0, 0, 3, 1], "texture": "#0"},
				"up": {"uv": [0, 0, 5, 3], "texture": "#0"},
				"down": {"uv": [0, 0, 5, 3], "texture": "#0"}
			}
		},
		{
			"from": [11, 5.25, 9],
			"to": [12.5, 6.5, 10.5],
			"rotation": {"angle": 0, "axis": "y", "origin": [20, 14, 18]},
			"faces": {
				"north": {"uv": [0, 0, 5, 1], "texture": "#0"},
				"east": {"uv": [0, 0, 3, 1], "texture": "#0"},
				"south": {"uv": [3, 3, 8, 4], "texture": "#0"},
				"west": {"uv": [0, 0, 3, 1], "texture": "#0"},
				"up": {"uv": [0, 0, 5, 3], "texture": "#0"},
				"down": {"uv": [0, 0, 5, 3], "texture": "#0"}
			}
		},
		{
			"from": [2.5, 5.25, 9],
			"to": [4, 6.5, 10.5],
			"rotation": {"angle": 0, "axis": "y", "origin": [11, 14, 18]},
			"faces": {
				"north": {"uv": [0, 0, 5, 1], "texture": "#0"},
				"east": {"uv": [0, 0, 3, 1], "texture": "#0"},
				"south": {"uv": [3, 3, 8, 4], "texture": "#0"},
				"west": {"uv": [0, 0, 3, 1], "texture": "#0"},
				"up": {"uv": [0, 0, 5, 3], "texture": "#0"},
				"down": {"uv": [0, 0, 5, 3], "texture": "#0"}
			}
		},
		{
			"from": [5, 1, 6],
			"to": [10, 2, 9],
			"rotation": {"angle": 0, "axis": "y", "origin": [14, 9, 16]},
			"faces": {
				"north": {"uv": [0, 0, 5, 1], "texture": "#0"},
				"east": {"uv": [0, 0, 3, 1], "texture": "#0"},
				"south": {"uv": [4, 2, 9, 3], "texture": "#0"},
				"west": {"uv": [0, 0, 3, 1], "texture": "#0"},
				"up": {"uv": [0, 0, 5, 3], "texture": "#missing"},
				"down": {"uv": [0, 0, 5, 3], "texture": "#0"}
			}
		},
		{
			"from": [6, 0, 6],
			"to": [9, 1, 9],
			"rotation": {"angle": 0, "axis": "y", "origin": [14, 8, 16]},
			"faces": {
				"north": {"uv": [0, 0, 3, 1], "texture": "#0"},
				"east": {"uv": [0, 0, 3, 1], "texture": "#0"},
				"south": {"uv": [2, 2, 5, 3], "texture": "#0"},
				"west": {"uv": [0, 0, 3, 1], "texture": "#0"},
				"up": {"uv": [0, 0, 3, 3], "texture": "#missing"},
				"down": {"uv": [0, 0, 3, 3], "texture": "#0"}
			}
		},
		{
			"from": [3, 4, 6],
			"to": [12, 5, 9],
			"rotation": {"angle": 0, "axis": "y", "origin": [14, 12, 16]},
			"faces": {
				"north": {"uv": [0, 2, 16, 3], "texture": "#0"},
				"east": {"uv": [0, 0, 3, 1], "texture": "#0"},
				"south": {"uv": [1, 2, 10, 3], "texture": "#0"},
				"west": {"uv": [0, 0, 3, 1], "texture": "#0"},
				"up": {"uv": [0, 0, 9, 3], "texture": "#missing"},
				"down": {"uv": [0, 0, 9, 3], "texture": "#0"}
			}
		},
		{
			"from": [4, 2, 6],
			"to": [11, 4, 9],
			"rotation": {"angle": 0, "axis": "y", "origin": [14, 11, 16]},
			"faces": {
				"north": {"uv": [2, 2, 9, 4], "texture": "#0"},
				"east": {"uv": [0, 0, 3, 2], "texture": "#0"},
				"south": {"uv": [2, 5, 9, 7], "texture": "#0"},
				"west": {"uv": [0, 0, 3, 2], "texture": "#0"},
				"up": {"uv": [0, 0, 7, 3], "texture": "#missing"},
				"down": {"uv": [0, 0, 7, 3], "texture": "#0"}
			}
		},
		{
			"from": [2, 5, 6],
			"to": [13, 8, 9],
			"rotation": {"angle": 0, "axis": "y", "origin": [14, 15, 16]},
			"faces": {
				"north": {"uv": [0, 3, 16, 6], "texture": "#0"},
				"east": {"uv": [0, 0, 3, 3], "texture": "#0"},
				"south": {"uv": [2, 4, 13, 7], "texture": "#0"},
				"west": {"uv": [0, 0, 3, 3], "texture": "#0"},
				"up": {"uv": [0, 0, 11, 3], "texture": "#missing"},
				"down": {"uv": [0, 0, 11, 3], "texture": "#0"}
			}
		},
		{
			"from": [3, 16, 6],
			"to": [12, 17, 9],
			"rotation": {"angle": 0, "axis": "y", "origin": [14, 24, 16]},
			"faces": {
				"north": {"uv": [1, 1, 10, 2], "texture": "#0"},
				"east": {"uv": [0, 0, 3, 1], "texture": "#0"},
				"south": {"uv": [1, 2, 10, 3], "texture": "#0"},
				"west": {"uv": [0, 0, 3, 1], "texture": "#0"},
				"up": {"uv": [0, 0, 9, 3], "texture": "#0"},
				"down": {"uv": [0, 0, 9, 3], "texture": "#missing"}
			}
		},
		{
			"from": [1, 8, 6],
			"to": [14, 16, 9],
			"rotation": {"angle": 0, "axis": "y", "origin": [16, 16, 14]},
			"faces": {
				"north": {"uv": [0, 4, 16, 12], "texture": "#0"},
				"east": {"uv": [7, 4, 10, 12], "texture": "#0"},
				"south": {"uv": [2, 2, 15, 10], "texture": "#0"},
				"west": {"uv": [0, 0, 3, 8], "texture": "#0"},
				"up": {"uv": [2, 4, 15, 7], "texture": "#0"},
				"down": {"uv": [0, 0, 13, 3], "texture": "#0"}
			}
		},
		{
			"from": [2, 9, 9],
			"to": [13, 15, 10],
			"rotation": {"angle": 0, "axis": "y", "origin": [13, 19, 17]},
			"faces": {
				"north": {"uv": [0, 0, 11, 6], "texture": "#1"},
				"east": {"uv": [0, 0, 1, 6], "texture": "#1"},
				"south": {"uv": [0, 0, 11, 6], "texture": "#1"},
				"west": {"uv": [0, 0, 1, 6], "texture": "#1"},
				"up": {"uv": [0, 0, 11, 1], "texture": "#1"},
				"down": {"uv": [0, 0, 11, 1], "texture": "#1"}
			}
		},
		{
			"from": [3, 6, 9],
			"to": [12, 9, 10],
			"rotation": {"angle": 0, "axis": "y", "origin": [13, 13, 17]},
			"faces": {
				"north": {"uv": [0, 0, 9, 3], "texture": "#1"},
				"east": {"uv": [0, 0, 1, 3], "texture": "#1"},
				"south": {"uv": [0, 0, 9, 3], "texture": "#1"},
				"west": {"uv": [0, 0, 1, 3], "texture": "#1"},
				"up": {"uv": [0, 0, 9, 1], "texture": "#1"},
				"down": {"uv": [0, 0, 9, 1], "texture": "#1"}
			}
		},
		{
			"from": [4, 5, 9],
			"to": [11, 6, 10],
			"rotation": {"angle": 0, "axis": "y", "origin": [13, 10, 17]},
			"faces": {
				"north": {"uv": [0, 0, 7, 1], "texture": "#1"},
				"east": {"uv": [0, 0, 1, 1], "texture": "#1"},
				"south": {"uv": [0, 0, 7, 1], "texture": "#1"},
				"west": {"uv": [0, 0, 1, 1], "texture": "#1"},
				"up": {"uv": [0, 0, 7, 1], "texture": "#1"},
				"down": {"uv": [0, 0, 7, 1], "texture": "#1"}
			}
		},
		{
			"from": [5, 3, 9],
			"to": [10, 5, 10],
			"rotation": {"angle": 0, "axis": "y", "origin": [13, 9, 17]},
			"faces": {
				"north": {"uv": [0, 0, 5, 2], "texture": "#1"},
				"east": {"uv": [0, 0, 1, 2], "texture": "#1"},
				"south": {"uv": [0, 0, 5, 2], "texture": "#1"},
				"west": {"uv": [0, 0, 1, 2], "texture": "#1"},
				"up": {"uv": [0, 0, 5, 1], "texture": "#1"},
				"down": {"uv": [0, 0, 5, 1], "texture": "#1"}
			}
		},
		{
			"from": [4, 15, 9],
			"to": [11, 16, 10],
			"rotation": {"angle": 0, "axis": "y", "origin": [13, 21, 17]},
			"faces": {
				"north": {"uv": [0, 0, 7, 1], "texture": "#1"},
				"east": {"uv": [0, 0, 1, 1], "texture": "#1"},
				"south": {"uv": [0, 0, 7, 1], "texture": "#1"},
				"west": {"uv": [0, 0, 1, 1], "texture": "#1"},
				"up": {"uv": [0, 0, 7, 1], "texture": "#1"},
				"down": {"uv": [0, 0, 7, 1], "texture": "#1"}
			}
		},
		{
			"from": [7, 12.25, 9.275],
			"to": [8, 12.75, 10.275],
			"rotation": {"angle": 0, "axis": "y", "origin": [15, 20.25, 17.275]},
			"faces": {
				"north": {"uv": [0, 0, 1, 0.5], "texture": "#missing"},
				"east": {"uv": [0, 0, 1, 0.5], "texture": "#2"},
				"south": {"uv": [0, 0, 1, 0.5], "texture": "#2"},
				"west": {"uv": [0, 0, 1, 0.5], "texture": "#2"},
				"up": {"uv": [0, 0, 1, 1], "texture": "#2"},
				"down": {"uv": [0, 0, 1, 1], "texture": "#2"}
			}
		},
		{
			"from": [7.25, 12.75, 9.275],
			"to": [7.75, 13.25, 10.275],
			"rotation": {"angle": 0, "axis": "y", "origin": [15, 20.75, 17.275]},
			"faces": {
				"north": {"uv": [0, 0, 0.5, 0.5], "texture": "#missing"},
				"east": {"uv": [0, 0, 1, 0.5], "texture": "#2"},
				"south": {"uv": [0, 0, 0.5, 0.5], "texture": "#2"},
				"west": {"uv": [0, 0, 1, 0.5], "texture": "#2"},
				"up": {"uv": [0, 0, 0.5, 1], "texture": "#2"},
				"down": {"uv": [0, 0, 0.5, 1], "texture": "#2"}
			}
		},
		{
			"from": [7.75, 11, 9.275],
			"to": [8.75, 11.5, 10.275],
			"rotation": {"angle": 0, "axis": "z", "origin": [7.75, 11, 9]},
			"faces": {
				"north": {"uv": [0, 0, 1, 0.5], "texture": "#missing"},
				"east": {"uv": [0, 0, 1, 0.5], "texture": "#2"},
				"south": {"uv": [0, 0, 1, 0.5], "texture": "#2"},
				"west": {"uv": [0, 0, 1, 0.5], "texture": "#2"},
				"up": {"uv": [0, 0, 1, 1], "texture": "#2"},
				"down": {"uv": [0, 0, 1, 1], "texture": "#2"}
			}
		},
		{
			"from": [9, 11.5, 9.275],
			"to": [9.5, 12.5, 10.275],
			"rotation": {"angle": 0, "axis": "z", "origin": [9, 11.5, 9]},
			"faces": {
				"north": {"uv": [0, 0, 0.5, 1], "texture": "#missing"},
				"east": {"uv": [0, 0, 1, 1], "texture": "#0"},
				"south": {"uv": [0, 0, 0.5, 1], "texture": "#0"},
				"west": {"uv": [0, 0, 1, 1], "texture": "#0"},
				"up": {"uv": [0, 0, 0.5, 1], "texture": "#0"},
				"down": {"uv": [0, 0, 0.5, 1], "texture": "#0"}
			}
		},
		{
			"from": [9.5, 12.5, 9.275],
			"to": [10, 13.5, 10.275],
			"rotation": {"angle": 0, "axis": "z", "origin": [9.5, 12.5, 9]},
			"faces": {
				"north": {"uv": [0, 0, 0.5, 1], "texture": "#missing"},
				"east": {"uv": [0, 0, 1, 1], "texture": "#0"},
				"south": {"uv": [0, 0, 0.5, 1], "texture": "#0"},
				"west": {"uv": [0, 0, 1, 1], "texture": "#0"},
				"up": {"uv": [0, 0, 0.5, 1], "texture": "#0"},
				"down": {"uv": [0, 0, 0.5, 1], "texture": "#0"}
			}
		},
		{
			"from": [5.5, 11.5, 9.275],
			"to": [6, 12.5, 10.275],
			"rotation": {"angle": 0, "axis": "z", "origin": [5.5, 11.5, 9]},
			"faces": {
				"north": {"uv": [0, 0, 0.5, 1], "texture": "#missing"},
				"east": {"uv": [0, 0, 1, 1], "texture": "#0"},
				"south": {"uv": [0, 0, 0.5, 1], "texture": "#0"},
				"west": {"uv": [0, 0, 1, 1], "texture": "#0"},
				"up": {"uv": [0, 0, 0.5, 1], "texture": "#0"},
				"down": {"uv": [0, 0, 0.5, 1], "texture": "#0"}
			}
		},
		{
			"from": [4, 11.5, 9.275],
			"to": [4.5, 12.5, 10.275],
			"rotation": {"angle": 0, "axis": "z", "origin": [4, 11.5, 9]},
			"faces": {
				"north": {"uv": [0, 0, 0.5, 1], "texture": "#missing"},
				"east": {"uv": [0, 0, 1, 1], "texture": "#0"},
				"south": {"uv": [0, 0, 0.5, 1], "texture": "#0"},
				"west": {"uv": [0, 0, 1, 1], "texture": "#0"},
				"up": {"uv": [0, 0, 0.5, 1], "texture": "#0"},
				"down": {"uv": [0, 0, 0.5, 1], "texture": "#0"}
			}
		},
		{
			"from": [3.5, 12.5, 9.275],
			"to": [4, 13, 10.275],
			"rotation": {"angle": 0, "axis": "z", "origin": [3.5, 12.5, 9]},
			"faces": {
				"north": {"uv": [0, 0, 0.5, 0.5], "texture": "#missing"},
				"east": {"uv": [0, 0, 1, 0.5], "texture": "#0"},
				"south": {"uv": [0, 0, 0.5, 0.5], "texture": "#0"},
				"west": {"uv": [0, 0, 1, 0.5], "texture": "#0"},
				"up": {"uv": [0, 0, 0.5, 1], "texture": "#0"},
				"down": {"uv": [0, 0, 0.5, 1], "texture": "#0"}
			}
		},
		{
			"from": [11, 12.5, 9.275],
			"to": [11.5, 13, 10.275],
			"rotation": {"angle": 0, "axis": "z", "origin": [11, 12.5, 9]},
			"faces": {
				"north": {"uv": [0, 0, 0.5, 0.5], "texture": "#missing"},
				"east": {"uv": [0, 0, 1, 0.5], "texture": "#0"},
				"south": {"uv": [0, 0, 0.5, 0.5], "texture": "#0"},
				"west": {"uv": [0, 0, 1, 0.5], "texture": "#0"},
				"up": {"uv": [0, 0, 0.5, 1], "texture": "#0"},
				"down": {"uv": [0, 0, 0.5, 1], "texture": "#0"}
			}
		},
		{
			"from": [9, 13.5, 9.275],
			"to": [9.5, 14, 10.275],
			"rotation": {"angle": 0, "axis": "z", "origin": [9, 13.5, 9]},
			"faces": {
				"north": {"uv": [0, 0, 0.5, 0.5], "texture": "#missing"},
				"east": {"uv": [0, 0, 1, 0.5], "texture": "#0"},
				"south": {"uv": [0, 0, 0.5, 0.5], "texture": "#0"},
				"west": {"uv": [0, 0, 1, 0.5], "texture": "#0"},
				"up": {"uv": [0, 0, 0.5, 1], "texture": "#0"},
				"down": {"uv": [0, 0, 0.5, 1], "texture": "#0"}
			}
		},
		{
			"from": [5.5, 13.5, 9.275],
			"to": [6, 14, 10.275],
			"rotation": {"angle": 0, "axis": "z", "origin": [5.5, 13.5, 9]},
			"faces": {
				"north": {"uv": [0, 0, 0.5, 0.5], "texture": "#missing"},
				"east": {"uv": [0, 0, 1, 0.5], "texture": "#0"},
				"south": {"uv": [0, 0, 0.5, 0.5], "texture": "#0"},
				"west": {"uv": [0, 0, 1, 0.5], "texture": "#0"},
				"up": {"uv": [0, 0, 0.5, 1], "texture": "#0"},
				"down": {"uv": [0, 0, 0.5, 1], "texture": "#0"}
			}
		},
		{
			"from": [10.5, 11.5, 9.275],
			"to": [11, 12.5, 10.275],
			"rotation": {"angle": 0, "axis": "z", "origin": [10.5, 11.5, 9]},
			"faces": {
				"north": {"uv": [0, 0, 0.5, 1], "texture": "#missing"},
				"east": {"uv": [0, 0, 1, 1], "texture": "#0"},
				"south": {"uv": [0, 0, 0.5, 1], "texture": "#0"},
				"west": {"uv": [0, 0, 1, 1], "texture": "#0"},
				"up": {"uv": [0, 0, 0.5, 1], "texture": "#0"},
				"down": {"uv": [0, 0, 0.5, 1], "texture": "#0"}
			}
		},
		{
			"from": [5, 12.5, 9.275],
			"to": [5.5, 13.5, 10.275],
			"rotation": {"angle": 0, "axis": "z", "origin": [5, 12.5, 9]},
			"faces": {
				"north": {"uv": [0, 0, 0.5, 1], "texture": "#missing"},
				"east": {"uv": [0, 0, 1, 1], "texture": "#0"},
				"south": {"uv": [0, 0, 0.5, 1], "texture": "#0"},
				"west": {"uv": [0, 0, 1, 1], "texture": "#0"},
				"up": {"uv": [0, 0, 0.5, 1], "texture": "#0"},
				"down": {"uv": [0, 0, 0.5, 1], "texture": "#0"}
			}
		},
		{
			"from": [4.5, 11, 9.275],
			"to": [5.5, 11.5, 10.275],
			"rotation": {"angle": 0, "axis": "z", "origin": [5, 10.5, 9]},
			"faces": {
				"north": {"uv": [0, 0, 1, 0.5], "texture": "#missing"},
				"east": {"uv": [0, 0, 1, 0.5], "texture": "#0"},
				"south": {"uv": [0, 0, 1, 0.5], "texture": "#0"},
				"west": {"uv": [0, 0, 1, 0.5], "texture": "#0"},
				"up": {"uv": [0, 0, 1, 1], "texture": "#0"},
				"down": {"uv": [0, 0, 1, 1], "texture": "#0"}
			}
		},
		{
			"from": [9.5, 11, 9.275],
			"to": [10.5, 11.5, 10.275],
			"rotation": {"angle": 0, "axis": "z", "origin": [10, 10.5, 9]},
			"faces": {
				"north": {"uv": [0, 0, 1, 0.5], "texture": "#missing"},
				"east": {"uv": [0, 0, 1, 0.5], "texture": "#0"},
				"south": {"uv": [0, 0, 1, 0.5], "texture": "#0"},
				"west": {"uv": [0, 0, 1, 0.5], "texture": "#0"},
				"up": {"uv": [0, 0, 1, 1], "texture": "#0"},
				"down": {"uv": [0, 0, 1, 1], "texture": "#0"}
			}
		},
		{
			"from": [6.25, 11, 9.275],
			"to": [7.25, 11.5, 10.275],
			"rotation": {"angle": 0, "axis": "y", "origin": [14.25, 19, 17.275]},
			"faces": {
				"north": {"uv": [0, 0, 1, 0.5], "texture": "#missing"},
				"east": {"uv": [0, 0, 1, 0.5], "texture": "#2"},
				"south": {"uv": [0, 0, 1, 0.5], "texture": "#2"},
				"west": {"uv": [0, 0, 1, 0.5], "texture": "#2"},
				"up": {"uv": [0, 0, 1, 1], "texture": "#2"},
				"down": {"uv": [0, 0, 1, 1], "texture": "#2"}
			}
		},
		{
			"from": [6.5, 11.5, 9.275],
			"to": [7, 12, 10.275],
			"rotation": {"angle": 0, "axis": "y", "origin": [14.25, 19.5, 17.275]},
			"faces": {
				"north": {"uv": [0, 0, 0.5, 0.5], "texture": "#missing"},
				"east": {"uv": [0, 0, 1, 0.5], "texture": "#2"},
				"south": {"uv": [0, 0, 0.5, 0.5], "texture": "#2"},
				"west": {"uv": [0, 0, 1, 0.5], "texture": "#2"},
				"up": {"uv": [0, 0, 0.5, 1], "texture": "#2"},
				"down": {"uv": [0, 0, 0.5, 1], "texture": "#2"}
			}
		},
		{
			"from": [8, 11.5, 9.275],
			"to": [8.5, 12, 10.275],
			"rotation": {"angle": 0, "axis": "y", "origin": [15.75, 19.5, 17.275]},
			"faces": {
				"north": {"uv": [0, 0, 0.5, 0.5], "texture": "#missing"},
				"east": {"uv": [0, 0, 1, 0.5], "texture": "#2"},
				"south": {"uv": [0, 0, 0.5, 0.5], "texture": "#2"},
				"west": {"uv": [0, 0, 1, 0.5], "texture": "#2"},
				"up": {"uv": [0, 0, 0.5, 1], "texture": "#2"},
				"down": {"uv": [0, 0, 0.5, 1], "texture": "#2"}
			}
		},
		{
			"from": [7, 9, 9.275],
			"to": [8, 10, 10.275],
			"rotation": {"angle": 0, "axis": "y", "origin": [15, 17, 17.275]},
			"faces": {
				"north": {"uv": [0, 0, 1, 1], "texture": "#missing"},
				"east": {"uv": [0, 0, 1, 1], "texture": "#3"},
				"south": {"uv": [0, 0, 1, 1], "texture": "#3"},
				"west": {"uv": [0, 0, 1, 1], "texture": "#3"},
				"up": {"uv": [0, 0, 1, 1], "texture": "#3"},
				"down": {"uv": [0, 0, 1, 1], "texture": "#3"}
			}
		},
		{
			"from": [7, 7, 9.275],
			"to": [8, 8, 10.275],
			"rotation": {"angle": 0, "axis": "y", "origin": [15, 14, 17.275]},
			"faces": {
				"north": {"uv": [0, 0, 1, 1], "texture": "#missing"},
				"east": {"uv": [0, 0, 1, 1], "texture": "#3"},
				"south": {"uv": [0, 0, 1, 1], "texture": "#3"},
				"west": {"uv": [0, 0, 1, 1], "texture": "#3"},
				"up": {"uv": [0, 0, 1, 1], "texture": "#3"},
				"down": {"uv": [0, 0, 1, 1], "texture": "#3"}
			}
		},
		{
			"from": [7.25, 5.5, 9.275],
			"to": [7.75, 7, 10.275],
			"rotation": {"angle": 0, "axis": "y", "origin": [15.25, 12, 17.275]},
			"faces": {
				"north": {"uv": [0, 0, 0.5, 1.5], "texture": "#missing"},
				"east": {"uv": [0, 0, 1, 1.5], "texture": "#3"},
				"south": {"uv": [0, 0, 0.5, 1.5], "texture": "#3"},
				"west": {"uv": [0, 0, 1, 1.5], "texture": "#3"},
				"up": {"uv": [0, 0, 0.5, 1], "texture": "#3"},
				"down": {"uv": [0, 0, 0.5, 1], "texture": "#3"}
			}
		},
		{
			"from": [8.5, 6.5, 9.275],
			"to": [9, 7.5, 10.275],
			"rotation": {"angle": 0, "axis": "y", "origin": [16.5, 13.5, 17.275]},
			"faces": {
				"north": {"uv": [0, 0, 0.5, 1], "texture": "#missing"},
				"east": {"uv": [0, 0, 1, 1], "texture": "#3"},
				"south": {"uv": [0, 0, 0.5, 1], "texture": "#3"},
				"west": {"uv": [0, 0, 1, 1], "texture": "#3"},
				"up": {"uv": [0, 0, 0.5, 1], "texture": "#3"},
				"down": {"uv": [0, 0, 0.5, 1], "texture": "#3"}
			}
		},
		{
			"from": [6, 6.5, 9.275],
			"to": [6.5, 7.5, 10.275],
			"rotation": {"angle": 0, "axis": "y", "origin": [14, 13.5, 17.275]},
			"faces": {
				"north": {"uv": [0, 0, 0.5, 1], "texture": "#missing"},
				"east": {"uv": [0, 0, 1, 1], "texture": "#3"},
				"south": {"uv": [0, 0, 0.5, 1], "texture": "#3"},
				"west": {"uv": [0, 0, 1, 1], "texture": "#3"},
				"up": {"uv": [0, 0, 0.5, 1], "texture": "#3"},
				"down": {"uv": [0, 0, 0.5, 1], "texture": "#3"}
			}
		},
		{
			"from": [5.5, 5.5, 9.275],
			"to": [6, 6.5, 10.275],
			"rotation": {"angle": 0, "axis": "y", "origin": [13.5, 12.5, 17.275]},
			"faces": {
				"north": {"uv": [0, 0, 0.5, 1], "texture": "#missing"},
				"east": {"uv": [0, 0, 1, 1], "texture": "#3"},
				"south": {"uv": [0, 0, 0.5, 1], "texture": "#3"},
				"west": {"uv": [0, 0, 1, 1], "texture": "#3"},
				"up": {"uv": [0, 0, 0.5, 1], "texture": "#3"},
				"down": {"uv": [0, 0, 0.5, 1], "texture": "#3"}
			}
		},
		{
			"from": [9, 5.5, 9.275],
			"to": [9.5, 6.5, 10.275],
			"rotation": {"angle": 0, "axis": "y", "origin": [17, 12.5, 17.275]},
			"faces": {
				"north": {"uv": [0, 0, 0.5, 1], "texture": "#missing"},
				"east": {"uv": [0, 0, 1, 1], "texture": "#3"},
				"south": {"uv": [0, 0, 0.5, 1], "texture": "#3"},
				"west": {"uv": [0, 0, 1, 1], "texture": "#3"},
				"up": {"uv": [0, 0, 0.5, 1], "texture": "#3"},
				"down": {"uv": [0, 0, 0.5, 1], "texture": "#3"}
			}
		},
		{
			"from": [9, 8, 9.275],
			"to": [10, 9, 10.275],
			"rotation": {"angle": 0, "axis": "y", "origin": [17, 16, 17.275]},
			"faces": {
				"north": {"uv": [0, 0, 1, 1], "texture": "#missing"},
				"east": {"uv": [0, 0, 1, 1], "texture": "#3"},
				"south": {"uv": [0, 0, 1, 1], "texture": "#3"},
				"west": {"uv": [0, 0, 1, 1], "texture": "#3"},
				"up": {"uv": [0, 0, 1, 1], "texture": "#3"},
				"down": {"uv": [0, 0, 1, 1], "texture": "#3"}
			}
		},
		{
			"from": [8.25, 7.5, 9.275],
			"to": [9, 8.5, 10.275],
			"rotation": {"angle": 0, "axis": "y", "origin": [16, 15.5, 17.275]},
			"faces": {
				"north": {"uv": [0, 0, 0.75, 1], "texture": "#missing"},
				"east": {"uv": [0, 0, 1, 1], "texture": "#3"},
				"south": {"uv": [0, 0, 0.75, 1], "texture": "#3"},
				"west": {"uv": [0, 0, 1, 1], "texture": "#3"},
				"up": {"uv": [0, 0, 0.75, 1], "texture": "#3"},
				"down": {"uv": [0, 0, 0.75, 1], "texture": "#3"}
			}
		},
		{
			"from": [6, 7.5, 9.275],
			"to": [6.75, 8.5, 10.275],
			"rotation": {"angle": 0, "axis": "y", "origin": [14, 15.5, 17.275]},
			"faces": {
				"north": {"uv": [0, 0, 0.75, 1], "texture": "#missing"},
				"east": {"uv": [0, 0, 1, 1], "texture": "#3"},
				"south": {"uv": [0, 0, 0.75, 1], "texture": "#3"},
				"west": {"uv": [0, 0, 1, 1], "texture": "#3"},
				"up": {"uv": [0, 0, 0.75, 1], "texture": "#3"},
				"down": {"uv": [0, 0, 0.75, 1], "texture": "#3"}
			}
		},
		{
			"from": [9.5, 9, 9.275],
			"to": [10.5, 10, 10.275],
			"rotation": {"angle": 0, "axis": "y", "origin": [17.5, 17, 17.275]},
			"faces": {
				"north": {"uv": [0, 0, 1, 1], "texture": "#missing"},
				"east": {"uv": [0, 0, 1, 1], "texture": "#3"},
				"south": {"uv": [0, 0, 1, 1], "texture": "#3"},
				"west": {"uv": [0, 0, 1, 1], "texture": "#3"},
				"up": {"uv": [0, 0, 1, 1], "texture": "#3"},
				"down": {"uv": [0, 0, 1, 1], "texture": "#3"}
			}
		},
		{
			"from": [10.5, 9, 9.275],
			"to": [11.5, 10, 10.275],
			"rotation": {"angle": 0, "axis": "y", "origin": [18.5, 17, 17.275]},
			"faces": {
				"north": {"uv": [0, 0, 1, 1], "texture": "#missing"},
				"east": {"uv": [0, 0, 1, 1], "texture": "#3"},
				"south": {"uv": [0, 0, 1, 1], "texture": "#3"},
				"west": {"uv": [0, 0, 1, 1], "texture": "#3"},
				"up": {"uv": [0, 0, 1, 1], "texture": "#3"},
				"down": {"uv": [0, 0, 1, 1], "texture": "#3"}
			}
		},
		{
			"from": [10.5, 7, 9.275],
			"to": [11.5, 8, 10.275],
			"rotation": {"angle": 0, "axis": "y", "origin": [18.5, 15, 17.275]},
			"faces": {
				"north": {"uv": [0, 0, 1, 1], "texture": "#missing"},
				"east": {"uv": [0, 0, 1, 1], "texture": "#3"},
				"south": {"uv": [0, 0, 1, 1], "texture": "#3"},
				"west": {"uv": [0, 0, 1, 1], "texture": "#3"},
				"up": {"uv": [0, 0, 1, 1], "texture": "#3"},
				"down": {"uv": [0, 0, 1, 1], "texture": "#3"}
			}
		},
		{
			"from": [9.5, 7.5, 9.275],
			"to": [10.5, 8.5, 10.275],
			"rotation": {"angle": 0, "axis": "y", "origin": [17.5, 15.5, 17.275]},
			"faces": {
				"north": {"uv": [0, 0, 1, 1], "texture": "#missing"},
				"east": {"uv": [0, 0, 1, 1], "texture": "#3"},
				"south": {"uv": [0, 0, 1, 1], "texture": "#3"},
				"west": {"uv": [0, 0, 1, 1], "texture": "#3"},
				"up": {"uv": [0, 0, 1, 1], "texture": "#3"},
				"down": {"uv": [0, 0, 1, 1], "texture": "#3"}
			}
		},
		{
			"from": [4.5, 9, 9.275],
			"to": [5.5, 10, 10.275],
			"rotation": {"angle": 0, "axis": "y", "origin": [12.5, 17, 17.275]},
			"faces": {
				"north": {"uv": [0, 0, 1, 1], "texture": "#missing"},
				"east": {"uv": [0, 0, 1, 1], "texture": "#3"},
				"south": {"uv": [0, 0, 1, 1], "texture": "#3"},
				"west": {"uv": [0, 0, 1, 1], "texture": "#3"},
				"up": {"uv": [0, 0, 1, 1], "texture": "#3"},
				"down": {"uv": [0, 0, 1, 1], "texture": "#3"}
			}
		},
		{
			"from": [3.5, 9, 9.275],
			"to": [4.5, 10, 10.275],
			"rotation": {"angle": 0, "axis": "y", "origin": [11.5, 17, 17.275]},
			"faces": {
				"north": {"uv": [0, 0, 1, 1], "texture": "#missing"},
				"east": {"uv": [0, 0, 1, 1], "texture": "#3"},
				"south": {"uv": [0, 0, 1, 1], "texture": "#3"},
				"west": {"uv": [0, 0, 1, 1], "texture": "#3"},
				"up": {"uv": [0, 0, 1, 1], "texture": "#3"},
				"down": {"uv": [0, 0, 1, 1], "texture": "#3"}
			}
		},
		{
			"from": [3.5, 7, 9.275],
			"to": [4.5, 8, 10.275],
			"rotation": {"angle": 0, "axis": "y", "origin": [11.5, 15, 17.275]},
			"faces": {
				"north": {"uv": [0, 0, 1, 1], "texture": "#missing"},
				"east": {"uv": [0, 0, 1, 1], "texture": "#3"},
				"south": {"uv": [0, 0, 1, 1], "texture": "#3"},
				"west": {"uv": [0, 0, 1, 1], "texture": "#3"},
				"up": {"uv": [0, 0, 1, 1], "texture": "#3"},
				"down": {"uv": [0, 0, 1, 1], "texture": "#3"}
			}
		},
		{
			"from": [4.5, 7.5, 9.275],
			"to": [5.5, 8.5, 10.275],
			"rotation": {"angle": 0, "axis": "y", "origin": [12.5, 15.5, 17.275]},
			"faces": {
				"north": {"uv": [0, 0, 1, 1], "texture": "#missing"},
				"east": {"uv": [0, 0, 1, 1], "texture": "#3"},
				"south": {"uv": [0, 0, 1, 1], "texture": "#3"},
				"west": {"uv": [0, 0, 1, 1], "texture": "#3"},
				"up": {"uv": [0, 0, 1, 1], "texture": "#3"},
				"down": {"uv": [0, 0, 1, 1], "texture": "#3"}
			}
		},
		{
			"from": [5, 8, 9.275],
			"to": [6, 9, 10.275],
			"rotation": {"angle": 0, "axis": "y", "origin": [13, 16, 17.275]},
			"faces": {
				"north": {"uv": [0, 0, 1, 1], "texture": "#missing"},
				"east": {"uv": [0, 0, 1, 1], "texture": "#3"},
				"south": {"uv": [0, 0, 1, 1], "texture": "#3"},
				"west": {"uv": [0, 0, 1, 1], "texture": "#3"},
				"up": {"uv": [0, 0, 1, 1], "texture": "#3"},
				"down": {"uv": [0, 0, 1, 1], "texture": "#3"}
			}
		}
	],
	"display": {
		"thirdperson_righthand": {
			"rotation": [0, 90, 0],
			"translation": [3.25, -2.75, 3.5],
			"scale": [0.96016, 0.96016, 0.53828]
		},
		"firstperson_righthand": {
			"rotation": [0, -180, 9],
			"translation": [-4, -4.25, 0],
			"scale": [1, 1, 0.33]
		},
		"ground": {
			"translation": [0, 0.25, 0],
			"scale": [0.34, 0.34, 0.19]
		},
		"gui": {
			"rotation": [2, -37, -7],
			"translation": [0, -1.5, 1],
			"scale": [0.69, 0.69, 0.29]
		}
	},
	"groups": [
		{
			"name": "group",
			"origin": [14, 15, 16],
			"children": [0, 1, 2, 3, 4, 5, 6, 7, 8, 9, 10, 11, 12, 13, 14]
		},
		{
			"name": "group",
			"origin": [8, 8, 8],
			"children": [15, 16, 17, 18, 19]
		},
		{
			"name": "group",
			"origin": [16, 16, 14],
			"children": [20, 21, 22, 23, 24, 25, 26, 27, 28, 29, 30, 31, 32, 33, 34, 35, 36, 37, 38, 39, 40, 41, 42, 43, 44, 45, 46, 47, 48, 49, 50, 51, 52, 53, 54, 55, 56]
		}
	]
}