{
	"credit": "Made with Blockbench",
	"textures": {
		"1": "block/brown_terracotta",
		"2": "block/cauldron_top",
		"3": "block/hopper_outside",
		"4": "block/polished_andesite",
		"particle": "block/cauldron_top"
	},
	"elements": [
		{
			"from": [7.975, 3, 9],
			"to": [9.025, 7, 12],
			"rotation": {"angle": -22.5, "axis": "x", "origin": [15.975, 11, 17]},
			"faces": {
				"north": {"uv": [15, 0, 16, 4], "texture": "#1"},
				"east": {"uv": [13, 0, 16, 4], "texture": "#1"},
				"south": {"uv": [15, 0, 16, 4], "texture": "#1"},
				"west": {"uv": [13, 0, 16, 4], "texture": "#1"},
				"up": {"uv": [14, 0, 15, 3], "texture": "#1"},
				"down": {"uv": [15, 0, 16, 3], "texture": "#1"}
			}
		},
		{
			"from": [8, 4, 4],
			"to": [9, 6, 14],
			"rotation": {"angle": 0, "axis": "y", "origin": [16, 12, 20]},
			"faces": {
				"north": {"uv": [12, 14, 13, 16], "texture": "#2"},
				"east": {"uv": [3, 8, 13, 10], "texture": "#4"},
				"south": {"uv": [10, 14, 11, 16], "texture": "#4"},
				"west": {"uv": [3, 9, 13, 11], "texture": "#4"},
				"up": {"uv": [14, 6, 15, 16], "texture": "#4"},
				"down": {"uv": [8, 2, 9, 12], "texture": "#4"}
			}
		},
		{
			"from": [8.025, 5.5, 5],
			"to": [8.975, 6.5, 6],
			"rotation": {"angle": 0, "axis": "y", "origin": [16.025, 14, 13]},
			"faces": {
				"north": {"uv": [7, 9.5, 8, 10.5], "texture": "#3"},
				"east": {"uv": [10, 9.5, 11, 10.5], "texture": "#3"},
				"south": {"uv": [8, 9.5, 9, 10.5], "texture": "#3"},
				"west": {"uv": [5, 9.5, 6, 10.5], "texture": "#3"},
				"up": {"uv": [8, 5, 9, 6], "texture": "#3"},
				"down": {"uv": [8, 10, 9, 11], "texture": "#missing"}
			}
		},
		{
			"from": [8, 5.925, 14],
			"to": [8.95, 6.025, 15],
			"rotation": {"angle": -45, "axis": "x", "origin": [9, 5.925, 14]},
			"faces": {
				"north": {"uv": [0, 0, 1, 0.1], "texture": "#3"},
				"east": {"uv": [0, 0, 1, 0.1], "texture": "#3"},
				"south": {"uv": [0, 0, 1, 0.1], "texture": "#3"},
				"west": {"uv": [0, 0, 1, 0.1], "texture": "#3"},
				"up": {"uv": [0, 0, 1, 1], "texture": "#3"},
				"down": {"uv": [0, 0, 1, 1], "texture": "#3"}
			}
		},
		{
			"from": [7.5, 3.9, 10.1],
			"to": [9.5, 5.9, 13.1],
			"rotation": {"angle": 0, "axis": "y", "origin": [16, 12.9, 19.1]},
			"faces": {
				"north": {"uv": [6.5, 10.1, 8.5, 12.1], "texture": "#3"},
				"east": {"uv": [2.9, 10.1, 5.9, 12.1], "texture": "#3"},
				"south": {"uv": [7.5, 10.1, 9.5, 12.1], "texture": "#3"},
				"west": {"uv": [10.1, 10.1, 13.1, 12.1], "texture": "#3"},
				"up": {"uv": [8, 2, 10, 5], "texture": "#3"},
				"down": {"uv": [7.5, 2.9, 9.5, 5.9], "texture": "#3"}
			}
		},
		{
			"from": [8.025, 3, 9.55],
			"to": [8.975, 4, 10.55],
			"rotation": {"angle": 0, "axis": "y", "origin": [15.975, 11, 17.55]},
			"faces": {
				"north": {"uv": [1, 6, 1.95, 7], "texture": "#2"},
				"east": {"uv": [0, 0, 1, 1], "texture": "#3"},
				"south": {"uv": [1, 7, 1.95, 8], "texture": "#3"},
				"west": {"uv": [0, 0, 1, 1], "texture": "#2"},
				"up": {"uv": [0, 0, 0.95, 1], "texture": "#missing"},
				"down": {"uv": [0, 0, 0.95, 1], "texture": "#3"}
			}
		}
	],
	"display": {
		"thirdperson_righthand": {
			"translation": [0.25, 4.75, -4]
		},
		"thirdperson_lefthand": {
			"translation": [0.5, 4.75, -4]
		},
		"firstperson_righthand": {
			"rotation": [0, -10, 0],
			"translation": [1.5, 8.5, 0]
		},
		"firstperson_lefthand": {
			"rotation": [0, -10, 0],
			"translation": [1.5, 8.5, 0]
		},
		"ground": {
			"translation": [0, 3.75, 0]
		},
		"gui": {
			"rotation": [94, -54, 96],
			"translation": [-1, 5.5, 0],
			"scale": [1.16, 1.31, 1.36]
		},
		"head": {
			"translation": [-0.75, 2.25, -11.75]
		},
		"fixed": {
			"rotation": [2, 90, 0],
			"translation": [-2.75, 5.25, 0],
			"scale": [1.5, 1.5, 1.5]
		}
	}
}